review_text,category
min saya lupa pin nya bagaimana ini ya ,Neutral
kenapa susah di buka sudah dua hari enggak bisa login,Negative
aplikasi ini menurut saya belum layak untuk rilis prosesnya masih terbilang sangat ribet untuk masyarakat belum paham tentang penggunaannya karena harus ada barcode dari dukcapil juga saya rasa dengan adanya barcode yang harus didapat melalui petugas ini tambah menyulitkan bukan mempermudah,Negative
akan lebih baik jika terdapat fitur download gambar kakak akta dll langsung dari aplikasi ini akan sangat membantu untuk mencetak sendiri baik di rumah ataupun tempat fotokopian selama ini yang saya lakukan adalah screenshot melalui website siakonline dan itu terlalu merepotkan ,Negative
maaf kok kalo pas saya mau masang ktp susah dan tidak susuai dengan aplikasi nya sih ya,Negative
aplikasi digital seharusnya membantu pemegang identitas dalam segala urusan terhubung ke pelayanan umum dan perbankanpembukaan rekening saja tidak bisa menggunakan app digital ini padahal data ini jelas jelas dikeluarkan oleh kemendagri yang jelas jelas dari pemerintah ,Neutral
enggak bisa buka kak nph ya,Negative
aplikasi ini sangat lengkap untuk data diri dan simpel serta sangat membantu masyarakat,Positive
maaf ini aplikasinha kenapa ya tiap mau di buka selalu kesalahan koneksi padahal jaringan bagus saja enggak membantu sama sekali tambah nyusahin saja seharusnya sih kalau ke sesuatu tempat lupa bawa ktp ya katanya bisa pakai ktp digital ini tapi ternyata mau di buka aplikasinya malah susah bukannya membantu malah nyusahin ,Negative
percuma punya ktp digital kalau masalah administrasi masih meminta foto copy ktp dan harus menyerahkan ktp fisik pula terus buat apaan ktp digital,Negative
mau makan dirumah,Neutral
cara pendaftarannya simpel tapi berbelit harus dtang langsung ke dukcapil hanya untuk urusan scan barcode doang ? oh no seharusnya kalau sudah online kasihlah semua akses itu dari online ini namanya online setengah mateng lah kalo telor mending enak dimakan kalo ini malah cuma bikin dongkol dan ngrepotin orang namanya bos bos bos bos,Negative
reques buat aplikasi e ktp mobile buat jaga jaga kelupaan atau semacam nya ,Neutral
saya sudah donload aplikasinya tapi kenapa pas mau daptar kok susah amat,Negative
katanya sudah digital kok harus datang lagi ke dukcapil untuk scan barcode verifikasinya,Negative
tolong aplikasinya ditingkatkan kembali susah buat login selalu gagal coba lagi coba lagi padahal sinyal saya menggunakan wi fi tapi selalu gagal tolong di perbaiki tks ,Negative
sangat membantu sekali dan fitur fiturnya lengkap tingkat kan terus performa dan aturan kebijakan agar bisa di terima di semua instansi di indonesia,Positive
tidak dapat pin ikd soalnya akuny deh ke hapus dan lupa,Neutral
lambat respon nya,Negative
penggunaan lebih praktis dan pendaftaran sangat mudah terima kasih sudah memberikan kemudahan dengan adanya aplikasi ini ,Positive
karena baru di coba,Neutral
aplikasi yang cukup jelek,Negative
aplikasi berfungsi normal mudah di gunakan serta pelayanannya cepat,Positive
aman nyaman dan praktis cara penggunaanya disamping mnjaga penyalahgunaan data kita ,Positive
ya harus ke dukcapil untuk verifikasi wkwkwkw ribet amat sim sama stnk online saja sudah enggak perlu kemana,Negative
cukup membantu,Positive
error wae anjing nyaho penting ,Negative
mohon untuk di upgrade selalu,Neutral
sudah semangat install daftar isi data ujung nya scan barcode ke dukcapil langsung uninstal,Neutral
kenapa saya tidak bisa membuka aplikasi identitas ktp digital nya,Neutral
kenapa tidak bisa di buka dengan semua cara termasuk suda di bersihkan chace suda dondload ulang mohon bantuan nya,Neutral
menjengkelkan aplikasi tidak bisa terbuka mau urus apa apa jadi ribet mau cetak ktp di capil diarkan pakai ktp digital padahal aplikasinya jelek mau buka rekening jadi susah mau urus yang lain juga susah,Negative
untuk android enggak bisa bagaimana solusinya masa beli hp baru lagi tolong di perbaiki lagi aplikasinya,Neutral
ada pelayanan dan peraturan baru harusnya bisa berlaku surut masa kepengurusan di bank harus ada ktp fisik sedangkan nunjukin aplikasi ini enggak asa gunanya malah suruh nyetak identitas lah fungsinya apa ini aplikasi kalau tau begitu kenapa waktu meminta cetak identitas diri tidak diperkenankan ? bikin aturan tuh harus bisa menyeluruh dan berlaku surut lah !,Negative
ternyata masih harus ke dukcapil setempat juga untuk meminta kode qr nya dari kecamatan sudah bisa kah ?,Neutral
buruk sekali,Negative
pas meminta qr barcode tetap harus ke petugas dukcapil sama saja kita harus datang ke dukcapil kalau bikin aplikasi jangan setengah nama nya digital harus dari aplikasi sudah bisa daftar ,Neutral
min saya lupa pin bagaimana cara nya agar bisa kembali di akses karena tidak ada fitur lupa pin diaplikasinya,Neutral
hampir semua aplikasi birokrasi konektivitas bosok kabeh ! mulai dari simkah ikd dll bosok kabeh server e,Neutral
sangat disayangkan aplikasi yang dikelola oleh lembaga tinggi negara kok seperti ini permasalahan di koneksi padahal signal full sudah larut berhari hari lo,Negative
dengan adanya applikasi ikd ini jadi lebih memudahkan di era digital dan sangat bermanfaat mantap,Positive
mohon untuk diberi akses log out karena jika ingin ganti hp biar tidak menggantun di hp lama akses log ini nya bisa menggunakan nik dan pin ,Neutral
bingungvcara dapat qr kode dari mana ? tolong sekedar saran yakl bikin aplikasi mungkin harus dipastikan dulu sudah layak untuk di sosialisasikan belum ke masyarakatkan tujuannya mempermudahtp yang dirasakan malah mempersusahtolong ya sekelas kementrian harusnya bisa membuat aplikasi yang jauh lebih bagus lagi ,Negative
sangat membantu cuma di sayangkan pas aktipasi enggak bisa pakai hp saya mengaktipasi lewat computer mudah han kedepan akan lebih baik,Positive
sudah download dan sudah di regristrasi ke dukcapil tapi enggak bisa di buka kembali setelah beberapa hari seperti nya butuh banyak perbaikan saya kasih satu dulu ,Neutral
hp hp rusak gk bisa langsung masuk kudu daftar lagi anehh bagaimana cara masuknya ,Negative
mohon di tingkat kan lagikenapa sekarang sudah tidak bisa masuk ke aplikasi nya malah error,Negative
sangat membantu sekali dan mudah untuk di gunakan mantap ini ada inovasi terbaru semoga di tahun makin banyak fitur terbarunya good,Positive
inovatifmempermudah kita saat bepergiancukup datang ke dinas dukcapil setempat untuk pengaktifannya ,Positive
mencari dokumen nya susah banget loading nya ,Negative
aplikasi milik negara begini amat baru daftar suruh scan kode qr sedangkan mau scan juga bagaimana caranya enggak ada kode yang mau di scan,Neutral
kenapa harus isi dan scan barcode cari ke petugasnya atau ke kantor capil zaman teknologi canggih semua dalam genggaman tolong di tambah fitur dan di perbaiki kembali agar tujuan membuat nudah tidak menjadi menyusahkan dan ribet zaman teknologi canggih harusnya cukup dari rumah semuanya bisa ! !,Negative
aplikasinya sudah bagus tapi mau buka data kartu keluarga kenapa tidak bisa padahal jaringan lancar aplikasi yang tidak terpakai juga sudah saya hapus memori juga masih kenapa masih saja belum bisa terbuka padahal perlu datanya sangat disayangkan,Negative
lupa pin login ikd sudah cek email masuk dari siak hilang mohon petunjuknya,Neutral
pertama pemakaian lancar keesokkan harinya dipakai lagi malah terjadi kesalahan koneksi coba lagi wadehel bro koneksi gue lancar saja please lah sempurnain dulu aplikasinya baru di kasih ke pengguna paling ya enggak di gubris komplain gue bjir lah,Negative
ini kenapa sh setiap masuk jaringan selalu hilang padahal buka yt tiktok dsb lncar saja tuh,Negative
meminta scan barcode lagi sama saja rekaman ulang saya verifikasi wajah berkali kali tetap gagal dan meminta code qr lagi ribett bukannya di permudahkan malah di persulit kan,Negative
mantap aplikasinya tapi belum lengkap semua dokumen kepwndusukan misalnya sim surat nikah digital dll,Neutral
mau buka dokumen enggak bisa terus dari awal bikin sampai sekarang masih saja enggak bisa dibuka tiap mau buka cuma muter doang loading terus,Negative
kok enggak bisa masuk ke aplikasi ? padahal sinyal bagus tolong jangan mempersulit ! kalau enggak niat bikin aplikasi enggak usah bikin aplikasi !,Negative
saya belum bisa mendaftar karena aplikasi ini tidak bisa dibuka,Neutral
aplikasi ini baru buat asn dulu ya ? makan nya ada scan barkot ? ? belum buat publik ?,Neutral
ini manfaatnya buat apa ya selain pengajuan bikin kakak dan pengajuan bio data,Positive
kenapa saya tidak bisa membuat e ktp digital sedangkan orang lain bisa aneh pesannya selalu invalid tlng di tindak lanjut ,Negative
kenapa selalu gagal buat lihat ktp dan kartu keluarga ,Neutral
qr dimana kita bisa temukan qr nya enggak masuk mohon infonya,Neutral
dulu masih bisa di buka sekarang pakai wifi pakai data sinyal kuat tetap saja enggak bisa di buka aneh hapus saja aplikasinya dari pada enggak guna apa cuma mau ambil data penduduk saja,Negative
aplikasi enggak jelas masuk aplikasi saja enggak bisa sampai hp dan laptop pun enggak bisa dengan jaringan bagus dan kencang menggunakan wi fi tolong perbaiki dan dikembangkan supaya masyarakat luas bisa menggunakan untuk keperluan lainnya dan pasti bersifat penting ! jangan sampai aplikasi ini jadi aplikasi sampah kritik keras buat aplikasi ini wajar karena tidak bisa digunakan lagi ,Negative
aplikasi hanya bisa buka biodata ktp tidak bisa,Neutral
harusnya aplikasinya bisa baca ktp dari hpnya lewat nfc jadi enggak perlu report ke capil verifikasi lewat nfc dari hp buat apa ada chipnya di ktp kalau indak bisa di baca ! ! kecuali chipnya deh eror enggak kebaca di hp baru datang ke capil ! ! di mesin cetak atm saja sudah bisa baca ktp masak enggak bisa buat aplikasi yang begitu ?,Negative
sementara saya kasih bintang dulu ya karena saya vaksin sudah kali dan di aplikasi peduli lindungi sudah kali juga tapi kenapa di aplikasi ini hanya tertampil kali vaksin kecewa banget sih yang saya harapkan untuk kedepannya agar data atau kartu identitas dapat di unduh seperti aplikasi mobile jkn penting banget untuk pelayanan lainnya yang memerlukan berkas atau lampiran dokumen kartu identitas okeh semangat indonesia semakin kedepan ,Negative
aplikasi idiot mau buka saja memuat masih error,Negative
bukan daftar online namanya kalau masih harus meminta kode qr ke dukcapil ribet online ,Negative
btw sudah pada tau ini aplikasi praktis dan modern semangat indonesia menuju modern yang praktis dan tidak antri hemat kertas,Positive
duh sering hang error muat lagihm seharusnya lebih ditingkatkan lagi dan dipikirkan jaringan seluler juga yang tinggal di daerah yang sinyal rada sempoyongan,Negative
jika lupa pasword masuk aplikasi bagaimana kak,Neutral
kureng ,Negative
belum bisa diakses karena belum dapat barcode,Neutral
aplikasi enggak guna buat apa bikin aplikasi kalau tidak bisa dilakukan full diluar kantor sama saja harus ke lokasi menyita waktu kerja dsb hapus saja aplikasinya sama saja dengan punya ktp asli masih dimintai fotokopian dan masih disuruh ngisi data lagi memang indonesia suka birokrasi yang sulit,Negative
perlu ditambahkan kolom chat terhubung dengan admin dalam aplikasi jam soale bingung mau nghubungin pihak dukcapil bagaimana karena data saya tidak di update seharusnya di sediakan minimal ada fitur untuk laporkan untuk data yang tidak sesuai dll supaya paling tidak laporan warga di tindaklanjuti di waktu kerja kalo untuk melapor hal hal seperti ini harus datang ke kantor ya bagaimana ?,Negative
tolong servernya pakai yang pantas ya tolong,Neutral
membantu dari mananya ? mempersulit iya solusi untuk orang tua yang gaptek dan enggak punya hape android bagaimana ? masa iya malah disuruh pinjam ke sodaranya sedangkan pihak kelurahan bilang aplikasi enggak bisa akun dikira nextnya sodaranya itu enggak butuh aplikasi ini solusi dong solusi ! kesian warga di persulit mulu kenapa dzolim banget sih,Negative
saya bingung bagaimana cara moto copy nyh ,Negative
aplikasinya sangat kurang baik untuk jaringan lokal karena selalu trobel dan pendaftaran ikd selalu gagal mohon kepada pemerintah supaya bisa melakukan pembenahan dalam menangani kasus pada jaringannya untuk target di setiap wilayah enggak bisa terwujud karena terkendala jaringan lokal selalu maintenance terimakasih,Negative
bagus dari segi layanan keamanannya ketika mau apapun di meminta pin kalau dari segi layanan juga baik kemana mana tidak harus membawa dokumen kependudukan secara fisik namun untuk sementara akses login dan mengakses menu yang lainnya sangat lama dan ui nya tidak begitu user friendly serta membutuhkan waktu untuk memahami setiap menu dan kalau bisa offline malah lebih bagus karena kuota paket data tidak selalu punya ,Positive
aplikasinya sudah bagus dan sangat bermanfaat sudah terintegrasi dengan bpjs pajak kpu dan kemenkes terus ditingkatkan sehingga menjadi lebih baik lagi ,Positive
aplikasi teraneh yang pernah ada masuknya tidak terhubung ke akun google isi data harus scan ke petugas ini sangat aneh formulir digital tapi harus scan ke petugas berarti sama saja manual bedanya dimana ?,Negative
terjadi kesalahan koneksi,Negative
percuma buat urus dokumen lain masih meminta asli ktp fisik sekarang sulit mendapatkan ktp fisik blangko ktp selalu kosong jadi ribet,Negative
mungkin untuk para pengguna online dukcapil mohon dimengerti diciptakan aplikasi ini untuk memudahkan para pendaftar agar tidak lama menunggu pelayanan di dukcapil bukan aplikasi yang bisa daftar dimana saja tanpa harus ke dukcapil jadi para pendaftar datang ke dukcapil guna untuk memverifikasi bahwasanya benar pendaftar melakukan pendaftaran melalui aplikasi ,Neutral
pas mau pertama kali buka meminta nikemail dan no ponsel lalu verifikasi selfie lalu meminta qr code itu qr kode dapat dimana ?,Neutral
aplikasi belum maksimal harus banyak pembenahan update cek kakak saja enggak ada bisanya ktp,Negative
selalu kesalahan koneksi,Negative
tahi,Negative
good,Positive
sudah didownload tapi aplikasinya tidak bisa dibuka sudah dicoba berkalikali tetap tidak bisa dengan keterangan koneksi kurang padahal data internet saya kuat dari pihak petugas ada yang bilang jika memori hp dibawah ram memang tidak bisa berarti yang menggunakan ktp digitial hanya yang punya hp dengan memori ram keatas ya ? harus beli hp baru dulu baru bisa akses aplikasi ini ? sungguh bukan solusi tolong di perbaiki agar semua warga indonesia baik yang punya hp tidak punya bisa mengakses ktp digital thx,Negative
alhamdulillah semakin bamyak kemudahan dengan adanya identitas digital cuma harus bisa terkoneksi dengan istansi pengguna lainnya terimakasih,Positive
payah ah diwajibkan menggunakan ikd tapi saat dibutuhkan malah enggak bisa dibuka koneksi bermasalah lah giliran sudah bisa eh pas buka dokumen malah loading saja tampilan nya bukan nya mempermudah malah tambah bikin sulit,Negative
aplikasi tidak bisa dibuka kalau tidak pakai wifitidak semua orang dirumah menyediakan wifigilran datang ke pelayanan publik diarahkan ke onlinedah lah capekkalo mau bikin buat kemajuanseenggaknya nyediakan tenaga itu yang bagus,Positive
bagus karena bisa dibawa kemana saja dan lebih mudah disimpan ,Positive
kasih bintang saja nih soalnya aplikasi ini sangat lambat loading nya memakan banyak waktu dan enggak bisa daftar ke penyedia tte,Negative
awalnya bisa di buka tapi akhir akhir ini tidak bisa di buka dengan alasan email salah padahal email nik no kakak dan no telepon masih sama jadi bagaimana ini ?,Negative
permisi dukcapil kemendagri ini aplikasi sudah bagus namun perlu perhatian dan perawatan rutin dibuka sering close nutup sendiri mohon di update terimakasih,Neutral
praktis hemat efektif memudahkan pelayanan,Positive
bukannya memudahkan malah menyulitkanudh hari ku coba kesalahan koneksi muluudh pakai jaringan data sudah pakai wifi sudah uninstal istal lagi sama saja hasilnyatolonglah di perbaikijgn aneh deh kebijakannya kalo masih enggak jelas kayak ginimana harus bolak balik dukcapildi kira dekat apa ke dukcapil ? kita nih kerja jauh ijin sehari sudah di potong uang makannya ,Negative
pelayananya sangat baik dan ramah,Positive
apilaksi terlemot enggak kebuka buka memuat terus terus,Neutral
apakah harus datang ke dukcapil untuk mendaftarkan di aplikasi ?,Neutral
perbaiki bug nya,Neutral
makin enggak jelas ini aplikasi awalnya bisa di buka walaupun beberapa fitur belum bisa di akses sekarang malah aplikasinya yang enggak bisa di buka wk aplikasi dukcapil yang sejenis ini untuk di daerah juga sama susah di buka tujuanya bagus tapi realisasinya yang sulit,Negative
di era digital seperti sekarang aplikasi ini sangat diperlukan karena tidak perlu was was kalau ketinggalan identitas dirumah pokoknya keren lah semakin maju dukcapil,Positive
mantap tinggal perbaiki jaringan karena beberapa kali suka nutup sendiri,Positive
buatkan data offline karena tidak setiap saat data internet ada dan untuk di desa yang susah jaringan sangat membutuhkan data offline atau di buatkan data offline sebulan jadi setiap bulan minimal ada sekali singkron data saya pakai ini karena eblangko kosong padahal mau ubah pekerjaan dan nama yang buram ,Negative
login game giga enggak perlu lama login disini mala gagal,Negative
bagus,Positive
sangat bermanfaat dan berguna,Positive
banyak yang belum tau aplikasi ini bukan sembarangan yang bisa di install tujuan memasukan data nik dll dan hal yang terakir di bagian belakang harus scan barcode scan barcode itu tujuan nya mencocokan data di hp sama data di dukcapil kalo mau scan barcode ya harus ke kelurahan masing di kantor dukcapil sekian kalo ada yang salah mohon di benarkan terimakasih,Neutral
kenapa sekarang susah banget buka nya,Negative
aplikasi paling enggak jelas harus scan barcode lah sering terjadi kesalahan koneksi lah niat bikin aplikasi enggak sih bukannya mempermudah masyarakat malah menyulitkan masyarakat aplikasi bodoh,Negative
saya registrasi oagi tadi jam setelah daftar scan barcode di kantor setelah itu nunggu balasan emailnya perangkat ini dalam oroses sampai malam ini belum ada balasan email juga tolong diperbaiki lagi ,Neutral
alangkah baiknha harusnya bisa print sendiri ktp digitalnya kalau sudah bisa login kalau kehilangan jadi enggak ribet harus ke disdukcapil,Neutral
kalo bisa semua data keluarga seperti akte nikah akte kelahiran harus ada ,Neutral
sepertinya perlu di tambah fitur cetak dokumen karena beberapa kegiatan memerlukan fotokopi sebuah dokumen,Neutral
aplikasi yang bermanfaat bagus dan simple semua data tersimpan lengkep tinggal scan barcode terimakasi dukcapil,Positive
aplikasi yang tidak sempurna tetapi di paksakan agar kelihatan wah dan hebat tetapi nyatanya sering eror,Negative
belum bisa di pakai untuk warga hanya pegawainya saja yang bisa memakai kayaknya,Neutral
masih bingung aplikasinya sudah isi data terus meminta pindai qr masalahnya dimana qr yang mau dipindai ?,Negative
cara dapat kode qr harus pergi ke diduskapil memang aplikadi bagus,Positive
apps sering lag n fc perbaikan bug nya negara bayar mahal kalau hasil kaya begini rugi kami membayar pajak untuk gajih anda,Negative
yang memberikan rating saya heran kenapa bisa sedungu itu saya tahu sdm rendah enggak mau ribet tapi jangan tunjukan kekurangan kita semua malu punya bangsa dan negara ini jelas sekali bahwa daftat e ktp digital ini harus dibawa scan kode qr ke disdukcapil sesuai domisili masing masing begitu saja dipermasalahkan makanya sebelum kalian daftat itu cari tahu dulu bagaimana penggunaan aplikasi ini jadi sampai disini paham ya jangan diulangi lagi terimakasih ,Negative
kenapa susah masuknya ya khususnya di pengambilan fotonya sudah coba berulang kali tetap sama hasilnya enggak bisa,Negative
tolong untuk kamera nya kenapa enggak bisa ya pas sudah dftar semua pas buka camera brmalasah pnchayaan terus tolong solusi nya harus bagaimana nih skrg saya butuh ktp digital nd fisik sedangkan fisik blanco nya masih belum ada,Neutral
enggak bisa scan qr codepas sudah beres di poto tapi gabis qr codegimana sih bikinapliksi nya bikin ribet,Negative
loading mulu enggak bisa dibuka,Negative
kenapa aplikasinya susah banget di buka ,Negative
untuk ktp digital tidak sama masih foto dan tanda tangan lama dengan ktp fisik yang dipegang,Neutral
sangat buruk,Negative
saya sangan kecewa beberapa kali mencoba verifikasi wajah enggak bisa terus malah blank hitam tolong di perbaiki sistemnya,Negative
jadi ingat kata pak presiden anggaran milyar untuk rapat milyar untuk study banding juta untuk sewa ruang rapat juta untuk sewa hotel buat istirahat setelah rapat juta untuk makan siang setelah rapat juta sisanya itu yang di buat untuk aplikasi,Neutral
aplikasi ini sering sekali susah dibuka sedangkan sinyal wifi full di layar selalu muncul tulisan terjadi kesalahan coba lagi begitu terus dari awal aktifasi aplikasi ini tapi ketika aplikasi ini bisa dibuka menu dokumennya tidak bisa di akses kami mohon supaya segera dilakukan perbaikan agar aplikasi ini bisa digunakan dengan mudah dan lancar terima kasih,Positive
ui ux tampilanya kurang ok untuk fitur nya mungkin diperbarui ,Negative
aplikasi yang sangat bagus dan sangat bermanfaat tinggal di sosialisasikan ke lembaga penggunanya agar semua bisa support ktp digitalnya memang data pribadi harus lebih hati mulai dari proses pembuatan hingga penggunaannya sukses terus dukcapil keren,Positive
ini kalo sudah ngisi data disuruh scan barcode maksudnya barcode apa ya buat verifikasi datanya ? bingung tolong pencerahannya,Negative
kenapa tidak bisa di buka kesalahan koneksi terus padahal sinyal normal dan bagus,Positive
masih sering ngebug keluar sendiri,Neutral
sudah ngisi data nik email dan nomer hp tapi pas ambil foto tidak bisa menyimpan mohon solusinya ?,Neutral
kenapa tidak bisa di buka terjadi kesalahan koneksi,Neutral
kualitas foto ktp buram enggak bisa didownload soalnya kan tetap butuh ktp baik yang fotocopy maupun softfile nya untuk beberapa kepentingan aplikasi sering gagal loading tolong diperbaiki lagi ,Negative
ya masa online harus datang percuma dong,Negative
aplikasi sangan jauh dari harapan saya pikir pemerintah sudah sangat maju tentang teknologi namu tingkat kemalasan semakin menurun masyarakat disuruh mandiri dan patuh namun untuk melihat ataupun mengurus data sendiri saja harus banyak berkorban waktu dan lainya ,Negative
segi layanannya bagus dan ramah aplikasi yang memudahkan dan bermanfaat di era digital ada pin juga yang bisa diganti sukses terus,Positive
min kenapa sekarang sudah nd bisa dibuka ya tertulis koneksi terputus padahal koneksi internetnya baik saja,Negative
banyak fiturnya tapi banyak yang enggak bisa ke buka cuma loading mutar terusdigital kok kayak begini,Negative
data yang jelas jelas dilindungin negara saja bisa keretas ditambah sekarang adanya yang kaya begini ? makin lepas tangan saja sudah,Negative
tidak secanggih yang saya bayangkan ujung datang ke dukcapil buat scan qr doang seharusnya qr nya terkirim otomatis ke email yang kita daftar di awal bukan datang ke dukcapil lagi capek mengantri menghabiskan waktu doang,Negative
tolong ini diperhatikan aplikasi ini yang katanya bisa mempermudah masyarakat tapi nyatanya aplikasi ini tidak bisa dipakai terlebih ini aplikasi tidak bisa dibuka dengan menggunakan jaringan data dan banyak yang bilang perlu wifi jika mau menggunakannya kalo seperti itu ya percuma dong kami repot mendaftar ke kantor kalo ujung nya enggak bisa dipakai paling tidak tambahkan fitur offline buat yang sudah daftar dan kebutuhan mendadak jadi tinggal di scan saja tidak perlu jaringan data ,Negative
alhamdulillah aplikasinya enggak sering nge bug dan lancar mudah digunakan juga semoga data data penduduk bisa aman dan terhindar dari pembobolan agar tidak disalahgunakan ,Positive
good luck,Positive
terima kasih atas pelayanan ktp digital sangat membantu dalam proses pengurusan tidak membutuhkan waktu lama kerena semuanya menggunakan proses onlinesalam satu data ,Positive
tolong di perbaiki lagi system aplikasi nya biar enggak loading terlalu lama saat di buka aplikasinya sudah beberapa kali mencoba masuk untuk login tapi kagak bisa loading terus sampai mau meledak hp ,Negative
aplikasi pemerintah begini amat bukan nye mempermudah malah mempersulit gua kata enggak perlu pakai datang kesono sini ternyata kudu meminta barcode dari dukcapil nya juga gegayaan mao ke era digital tapi proses nye riweuh,Negative
aplikasi nya jelek enggak berguna baru juga didonlod parah pemerintah duit apbn mah gede bikin apkikasi begini malah enggak bisa ckckck,Negative
sebenarnya sudah bagus tapi juga ada sayangnya bilamana mau mengulangi foto pasti harus isi data lagi dari awal,Neutral
kami memohon kepada dispenduk se indonesia sekiranya untuk mempermudah revisi kesalahan pada akta saya umur tahun baru tahu akta ada kelebihan nama dan akhirnya ktp pun berubah otomatis saya ajukan revisi semua data pendukung mulai ektp kakak ijazah sd sampai sama buku nikah bermaterai nasegelsudah saya sodorkan sebagai persyaratan revisi namun masih di meminta untuk merubah nama bapak sedangkan bapak sudah almarhumapakah kebijakan pemerintah memang untuk mempersulit rakyatnya mohon kebijakannya ,Negative
tolong dong di perbarui lagi agar bisa cetak ulang akte kelahiran yang sudah rusak ,Neutral
jelek banget enggak bisa masuk,Negative
wow good joob lebih praktis dan tidak usah bawa bawa dompet punya ktp digital semangat dan menu nya ada foto vermuk selfi dan data lebih aman kita login selfi itu lebih bagus mempercepat kinerja di lapangan dan tidak sampai menit jadi ktp digital good kalau bisa sih otomatis di perbarui data penduduk ada menu edit tempat kerja dan semangat tehnologi digital modern ramah dan soo good good saya rasa ini wow cool buat kalian silahkan daftar mudah dan cepat tidak antri,Positive
enggak bisa ambil foto nih di saya bagaimana ya ?,Negative
masih lambat untuk dibuka padahal jaringan lancar lancar saja,Positive
mantap,Positive
keren sih ya sudah enggak perlu ktp di bawa bawa cu cukup buka aplikasi dan tunjukkan sudah,Positive
 setiap menggunakan fitur menu harus login chapta dan sering gagal setiap anggota keluarga yang masih diwajibkan reaktivasi aplikasi jika bisa cukup aktivasi dari kepala keluarga namun bisa di gunakan setuap anggota keluarga,Neutral
semoga aplikasinya lancar dan lebih ditingkatkan keamanan dan kemudahannya,Positive
kenapa ketika mengambil poti selalu gagal ,Negative
sejauh ini sangat memudahkan kita yang biasanya lupa bawa ktp atau apapun namun masih agak eror padahal jaringan bagus,Positive
sangat membantu saat pulang kamapung mau berobat enggak bawa kakak bisa lihat dari sini kalau yang belum bisa pakai ini harus di rekam di petugas baru bisa di gunakan semoga bermanfaat,Positive
masih belum optimal lama loadingnya,Negative
agar mempermudah supaya scan bar code tidak perlu ke kantor dukcapil cukup kirim melalui wa karena jelas tidak mungkin dia memalsukan nik kalo dia mendaftar menggunakan nik tersebut sudah jelas itu punya dia bukan punya orang lain terima kasih,Neutral
dengan ada nya identitas kependudukan digital id ini sangat bagus lebih simpel dan lebih modern semoga kedepan nya lebih bagus lagi dalam berinovasi dan semoga dukcapil kemendagri semakin maju,Positive
sangat membantu pelayanan kependudukan jadi lebih mudah praktis dan simple terimakasih dukcapil,Positive
aplikasinya error terus sudah berhari tidak bisa dibuka ,Negative
hadeh gua kira setelah adanya aplikasi ini bisa mempermudah eh enggak tau nya untuk keperluan tertentu misal bayar pajak mtor harus di meminta ktp asli fisik terus gunanya aplikasi digital buat apa coba itu baru contoh kecil nya saja saran gua sih pemerintah harus men sinkronisasi kan kegunaan yang sebenarnya ,Negative
terkendala masalah jaringan server lemah,Negative
aplikasi tidak bisa di buka coba terus enggak bisa juga ,Negative
aplikasinya sangat berguna untuk data kependudukan terdapat beberapa opsi dokumen yang sudah terdaftar keren,Positive
sama juga harus kedukcapil juga menuhi kantor karena aplikasi mandiri kan data ada sudah disana birokrasi,Negative
kenapa harus menggunakan no hp satu satu ktp dan ram hp harus diatas,Neutral
halo sebenarnya sangat bagus fiturnya hanya sekedar saran saja tolong ditambahkan opsi pengunduhan file baik dalam jpg maupun pdf untuk ktp dan kakak yang dibarengi dengan keamanan etat untuk pengunduhan ktp dan kakak karena memang jika dibutuhkan ini sangat penting,Positive
baru selesai aktivasi ke dukcapil buat login saja sudah enggak bisa semoga bisa diperbaiki aplikasinya untuk kemudahan masyarakat mengurus data secara online terimakasih,Neutral
aplikasi ini sangat membantu sekali mungkin hanya perlu perbaikan sedikit ,Positive
masih banyak kekurangan terutama pada hp saya yang iphone pro max yang kemarin baru saya beli dengan harga jtan di toko oren sekarang saya juga senang banget foto di depan cermin enggak tau kenapa,Positive
kenapa setiap buka terjadi kesalahan terus,Negative
mudah dan gampang,Positive
konsep aplikasi ini sudah bagus masih ada banyak hal yang perlu ditingkatkan mulai dari kemudahan akses konektivitas terhubung ke server dan juga kemampuan untuk menyimpan data agar bisa diakses secara offline karena saya melihat banyak sekali keluhan tentang masalah jaringan dan kendala mengakses aplikasi disaat sedang tidak ada kuota internet setelah itu baru ditingkatkan lagi ul nya,Negative
saya pikir ini pengganti fisik ktp tapi untuk menunjukkan ktp kepada pihak lain secara online misal buat rek bank online tidak bisa tidak bisa di screenshoot kode qr juga enggak bisa dibagikan ,Neutral
moga kedepannya bisa lebih smooth lagi aplikasi nya dan ditambahkan fitur update data keluarga contoh sinkronisasi data keluarga anak pertama saya kok enggak terdata di biodata padahal di lihat dari kartu keluarga sudah ada tapi dilihat di biodata enggak ada,Neutral
enggak mau ke install berkali kali coba bagaimana ada solusinya enggak ? hp gue enggak jelek amat dan android enggak jadul amat ,Negative
kenapa aplikasinya beberapa hari ini susah sekali dibuka padahal koneksi internet bagus mau buka dokumen hanya loading terus mohon dieprbaiki ,Negative
niatnya sudah bagus digital untuk mempermudah jadi enggak perlu bawa ktp fisik ya tapi kok aplikasinya muter terus lambat banget mau buka ktp nya susah lama banget muter saja tolong server di perbanyak ata di benerin lah biar gampang ini mau buka ktp tolong ini mah pemerintah,Negative
sangat lama untuk loading masuknya padahal jaringan cepat untuk aktivitas internet lainya saat mencoba masuk aplikasi ini slalu jaringan tidak stabil,Negative
sekarang kok susah untuk membuka aplikasinya,Negative
sangat penting untuk semua orang,Positive
kenapa sekarang aplikasinya tidak bisa di buka padahal awalnya baik baik saja ,Negative
kenapa data kartu keluarga tidak muncul,Neutral
heran saya kok ditempt saya ektp saya ditarik diganti ktp digital ini malah bukan mempermudah tapi persulit saya n suami jadi enggak punya ktp untuk pengurusan apapun secara fisik dan herannya lagi ktp digital tidak bisa diprint masa saya harus bolak balik dukcapil kalau mau fotocopy ktp mnrt saya kurang efektif kenapa harus ektp saya diambil,Negative
kenapa harus ada scan barcode segala kalo lewat aplikasi yang mau simpel biar bisa lewat aplikasi eh taunya harus datang juga ke dukcapilnya apalagi kalo diperantauan begini mau ngurus juga ribet,Negative
layananya belum siap masih banyak kendala ,Negative
aplikasi bagus n tapi knapa kalo pakai data untuk masuk sulit dan berputar putar n kalau pakai wifi untuk masuk cepat,Negative
sangat bermanfaat dan semoga tidak ada hambatan,Positive
percuma download jaringan bagus banget ini pas dibuka malah kesalahan jaringan terus,Negative
angel angel,Positive
susah kali kau di bukaliat lingkaran muter mulu jadi pening kepala,Negative
masih banyak kekurangan kalau mau lihat dokumen lainnya dokumen tidak muncul dan selalu tertulis dokumen sedang diinstegrasikan segera diperbaiki biar masyarakat mengetahui kalau aplikasi ini bermamfaat thanks,Negative
yang bilang aplikasi sampah barcode enggak keluar enggak mengerti bagaimana cara nya barcode bisa di scan di kantor dukcapil pada menu ktp yang akan keluar pada aplikasi siak ,Neutral
masih harus di dampingi petugas dan scan barcode oleh petugas seharusnya begitu kita input data sudah terdeteksi dengan sendirinya no nik kita dan langsung mendapatkan ktp el lengkap dengan barcode nya begitu juga dengan sistem online seharusnya lebih simple dan ada menu pindah tempat cabut berkas dari satu daerah ke daerah lain satu provinsi tanpa harus ke dukcapil ,Neutral
katanya daftarnya bisa duduk manis di rumah eh tahunya harus datang juga ke disdukcapil,Neutral
sangat berguna saat ktp lagi kepake yang lain mudah saatnya nanti kita tidak perlu foto copy ktp dapat mengurus segala macam keperluan ,Positive
sepertinya app belum siap masih dalam pengembangan mungkin diluncurkan untuk kejar target,Negative
kok aplikasi nya tidak bisa dibuka,Negative
aplikasi terburuk sepanjang masa muncul pesan terjadi kesalahan koneksi,Neutral
lupa pin tidak ada cara untuk ganti pin,Negative
lebih sering down ,Negative
hidup di dunia ini ada yang dohir dan yang bathin gaib lah kalo ikd ini bisa di bilang goib lah kalo mau mempermudah bikinlah yang dohir juga enggak semua orang bisa melihat kegoiban tapi semua orang bisa melihat kedohiran,Negative
lag parah padahal jaringan bagus loading lamanya pakai banget,Negative
tidak bisa di buka kesalh koneksi terus,Negative
aplikasi yang sangat buruk tidak berfungsi,Negative
data kartu keluarga saya tidak kelihatan mohon bantuanya terimakasih,Neutral
bagaimana ini saya sudah isi data lengkap kok enggak bisa bisa terus lagi kembali kok keterangan email tidak valid padahal email dipakai sehari hari mohon solusi pak teims,Negative
mohon di perbaiki lagi kualitas aplikasinya,Neutral
tolong dong min mengapa dokumen tidak bisa di bukan dan selalu ada kesalah,Negative
maaf lupa lagih pin jadi enggak bisa masuk bagaimana ya cara nya biar bisa masuk,Neutral
ribet pakai acara ke kantor dukcapil kalo online ya online saja sekalian kadang faktor waktu dan keadaan yang tidak memungkinkan ke kantor dukcapil terimakasih,Negative
bagi ku aplikasi ini sangat membantu karena dengan tinggal bawa hp sudah ada ktp dan kakak mungkin bagi yang lain aplikasi ini sangat sulit atau sukar tapi bgi ku itu si ok no problem ,Positive
kenapa harus pakai wifi baru bisa dibuka ? kalau pakai data seluler loading terus,Neutral
untuk mendapatkan qrcode validasi caranya bagaimana ? saya sudah isi nik email no hp dan verifikasi foto tapi tidak dapat qrcode,Neutral
mengapai ada aplikasi ini kalo ujung ujungnya harus ke lokasi dukcapil buat scan qr,Neutral
ini aplikasi kenapa enggak bisa di buka ya ?,Negative
semoga lembaga lain bisa mendukung penggunaannuya ,Positive
aplikasi tidak dapat dibuka kesalahan pada jaringam noted sementara saya menggunakan wifi dengan kecepatan sangat kuat yaitu mbps dan full signal ,Positive
enggak bisa diinstal kenapa ya ?,Negative
sementara ini sangat baik selanjutnya untuk lebih ditingkatkan lagi terima kasih disdukcapil kab muba ,Positive
aplikasinya loading mulu dari kemarin udah di un install terus install ulang tetap saja enggak berfungsi ,Neutral
menuju era digital jadi lebih mudah dan praktis mantab,Positive
aplikasinya suka susah dibuka kenapa sih padahal jaringan lagi bagus loh,Positive
sudah install sudah daftar pas mau verifikasi wajah aplikasi enggak respon sudah ulang berkali tetap saja tidak bisa ambil foto kalau harus pergi ke dukcapil buat apa ini aplikasi ,Neutral
aplikasi ini sangat bak,Positive
sudah terinstal dan berfungsi semoga semakin baik dan aman data nya ,Neutral
keteranganya pendaftaran secara online tapi nyatanya saat mendaftar setelah verifikasi wajah baru scan barcode dan itu bisa didapatkan dengan datang langsung ke dukcapil terdekat padahal dukcapil cuma satu di setiap daerah dan lokasi sangat jauh jauh cuma untuk meminta barcode saja ,Negative
mau daftar saja masih harus ribet scan barcode ke dukcapil dulu terus apa praktisnya aplikasi ini kalau tetap harus muter muter ke dukcapil lagi hanya untuk scan barcode ? ? itu masih baru mau daftar sudah mulai ribet entah bagaimana selanjutnya ya,Negative
dokumen kadang di buka susah,Negative
kenapa sejak aplikasi ini enggak bisa lagi dibuka ? alasannya koneksi tidak stabil ini aplikasi nya yang kurang mampu membuat data digital ya kemarin masih bisa di buka setelah sudah enggak bisa uninstall saja yuk aplikasi nya enggak berguna juga kalo enggak bisa dibuka !,Negative
sama saja bodong mau daftar juga harus sken dulu mau mudah tapi syulit,Negative
kalo belum siap aplikasi nya jangan dulu di pakaidi siapkan dulu yang benerapk masih suka rusak saja dan di pakeparahh ,Negative
lebih praktis simple aman registrasi perangkat harus kak dukcapil nya,Positive
banyak komentar tidak baik jadi bintang dulu saja tolong diperbaiki lagi aplikasi nya,Negative
tolong tingkatkan lagi aplikasi nya lambat sekali,Negative
saran saya cukup saja pihak dukcapil kirim kan kode verikasi via email jadi tidak perlu lagi kita datang kekantornya kalau digital jangan setengah setengah jalan alasan enggak ada anggaran untuk blangko nya boros lagi mau hemat tapi jangan nyusahin warga ,Negative
aplikasi sudah bagus tapi saat proses akhir harus scan barcode dari disdukcapil padahal kan kita daftarinnya dari rumah,Neutral
di era millenial ini bentuk digitalisasi dalam pelayanan publik sangatlah berpengaruh besar dengan adanya inovasi identitas kependudukan digital saya tidak perlu repot bawa ktp dan kakak kemana mana cukup pakai inj saja bisa,Neutral
terjadi kesalahan koneksi apanya ini bos ? ? internet saya lancar !,Negative
aplikasi ini sangat bermanfaat bagi masyarakat tidak perlu bawa dokumen kependudukan kesana kemari terutama bagi yang suka lupa keren dan mantab !,Positive
hari ini saya sangat berterima kasih karena adanya ktp digital ini data data saya lengkap dan prosesnya sangat cepat tym,Positive
membantu,Positive
kata nya minggu ini di realese kok belum bisa juga scan barcode nya,Negative
kartu keluarga tidak bisa dibuka ,Negative
masih dalam proses mencoba menggunakan,Neutral
aplikasi yang sangat bagus mempermudah dalam urusan administrasiberkas yang ditampilkan sangat jelas dan bisa di print mandiri di rumahbravo,Positive
alangkah bagusnya di dalam ikd ini dekumen penting contoh sim dan dekumen lain thanks semoga lebih baik kedepannya,Positive
ribet ulang lagi ulang lagi,Negative
aplikasi nya ngeleg,Neutral
kenapa koneksi gagal padahal full kuaotajgn di persulit,Negative
harusnya qr code bisa dikirimkan lewat email supaya bisa diakses di mana saja saya berada di luar daerah dan ktp saya tertinggal di rumah berharap bisa mengakses aplikasi ini dengan mudah bisa dapat ktp saya pada situasi yang genting masa scan qr code nya harus ke disdukcapil lagi ? kenapa malah menyulitkan bukannya dipermudah saja !,Negative
cara meaktif kan aplikasi ini supaya bisa terbuka datangi pihak pengurusan duk capil setempat yang ada di setiap kecamatan di situ nanti bpk ibu petugas me inpit code barcode yang ada di laptop nya kantor kecamatan dengan hp kita di situ baru dukcapil online kita terbuka demikian pengalaman yang sudah saya ketahui sampai kan tadi nya saya mengalami kesulitan setelah mendatangi pihak kecamatan masalah saya terselesai kan semoga ini bermanfaat buat kita semua sekian dan terima kasih ,Neutral
kurang lengkap dan tidak bisa di buka seharusnya bisa di buka walau offline,Negative
verifikasi kameranya susah,Negative
alhamdulillah sudah berhasil login untuk yang binggung mengenai scan barcode nya itu harus datang langsung ke dukcapil ktp terdaftar karena harus scan dari komputer dukcapil nya dan setau saya belum semua daerah bisa baru di uji cobakan di beberapa kota besar saja sleman di i yogyakarta sudah bisa semoga infonya bisa membantu ,Positive
aplikasi nya enggak bisa di buka minloding mulu muncul terjadi kesalahan,Negative
dimanakah lokasi penyimpanan server ikd ? terus permendagri tentang ikd mesti direvisi sebab tidak menjelaskan tanggung jawab pemerintah jika terjadi kebocoran data lalu kenapa mesti melalui scan qrcode ? tidak adakah yang lebih praktis ? kenapa semakin lama versi android semakin naik ya dan malah ikd enggak bisa digunakan di bawah versi kalau hp kentang apa enggak bisa digunakan masih butuh banyak perbaikan,Negative
sudah bagus keamanan nya fitur fitur nya dan masih banyak lagi untuk fitur yang tidak bisa dibuka itu hanya bisa diakses oleh pihak kab dan kec jadi jika anda ingin membuka nya harus datang kesana itu semua agar data kalian tidak disalah gunakan,Positive
aplikasi rusak log ini pun tidak bisa,Negative
aplikasi ini sangat bermanfaat ketika fisik ktp hilang dapat menggunakan aplikasi ini bila bepergian terimakasih,Positive
jangan salah paham bapak ibu jadi aplikasi ini memang buat identitas digital jadi kita bisa pakai aplikasi ini sebagai pengganti ktp atau kakak fisik tapi cara daftarnya bukan di lakukan sendiri di rumah bapak ibu melain kan datang ke dusdukcapil mendaftar lalu nanti dari petugas kita dapat barcode baru bisa di gunakan jika bisa daftar tanpa harus ke disdukcapil ya gampang di bobol orang dong be smart ya bapak ibu hehehe,Negative
mau update data kakak tapi web enggak bisa digunakan tolong diperbaiki dan lebih baik lagi terutama memudahkan pengupload data,Neutral
bagaimana kalau pelayanan administrasi masih butuh fotokopian apalagi katanya blangko e ktp bakal dihilangkan ? mohon untuk tidak mempersulit masyarakat inovasi mestinya memudahkan bukan mempersulit minimal menambah fitur cetak kalau memang pelayanan administrasi di indonesia masih sistem fotokopian ,Neutral
karena banyak komentar minus sementara di hapus dulu tadinya kukira mempermudah,Neutral
saya kok tidak bisa mendownload aplikasi ini,Negative
mau masuk apps saja enggak bisa berkali ini kerja apa sih kalian,Negative
susahnya mencetak ktp bisa berminggu minggu bahkan berbulan bulan bisa bolak balik ,Negative
aplikasinya bagus untuk orang yang paham teknologi kegunaannya mempermudah dalam urusan surat laporan meliputi ktp kis kartu vaksin dan juga npwp ,Positive
data saya yang ada di ikd terhapus bagaimana cara pemulihannya sedangkan posisi saya jauh di luar kota dan kantor capil,Neutral
sekedar info ke developernya untuk jaringan seluler imdosat tidakbisa masuk ke app harus pakai wifi dulu baru bisa kuota masih ratusan giga dan jaringan statusnya lancar jaya enggak,Positive
ikd sudah integrasi dengan instansi lain ,Neutral
tambah lambat dan susah diakses,Negative
trust issue gwe anjir,Neutral
tidak mendukung di android ke bawah apabila di buka selalu muncul notif kesalahan sambungan,Negative
sangat membantu tapi ada rumitnya jika seseorang mau mengurus administrasi kependudukan tapi mereka tidak punya hp adroid jadi mereka merasa tidak nyaman,Negative
untuk dokumen kependudukan sub lainnyamohon untuk diperbaiki biar kartu vaksin dan lain nya bisa muncul ,Neutral
kenapa verifikasi tidak pakai no otp atau masuk ke email masih harus scan barqode ke dukcapil ,Neutral
aplikasi bagus jadi kalau yang buat ketinggalan ktp bisa pakai aplikasi ini,Positive
tolong dong min di buat yang lebih bagus lagi di aplikasi ini soalnya sudah cape pulang pergi ke dispenduk kalau bisa lengkapi segala macam urusan surat kepndudukan mulai dari surat pindah antar daerah surat antar desa atau kecamatan surat akte surat akte nikah akte kematian akte kelahiran kartu keluarga ktp tolong di lengkapi aplikasinya supaya kita tidak bolak balik ke dispenduk hanya untuk urus hal sepele ,Neutral
sudah aktifasi barcode ke kecamatan dan berfungsi dengan baikhanya register tte belum bisa,Neutral
tapi masih saja diminta ktp fisik ketika buka rek bank,Neutral
nice job ,Positive
apknya sulit sekali untuk verifikasi data selalu ggal,Negative
enggak bisa dibuka aplikasinya,Negative
terjadi kesalahan koneksi mulu padahal internet bagus,Positive
ini kenapa kalo pakai data seluler enggak bisa dibuka ya hanya memuat terus,Neutral
kok enggak bisa masuk ya tinggal foto saja gagal terus ,Negative
aplikasi nya aneh di buka enggak bisa bisa,Negative
kenapa sekarang tidak bisa dibuka apa harus uninstal saja sekalian,Negative
niat bikin aplikasi enggak sih ? ini login saja lama banget giliran sudah masuk enggak bisa daftar alasannya koneksi tujuannya sudah bagus ui sederhana tinggal upgrade saja,Negative
baik,Positive
kenapa dokumen kependudukan tidak bisa dibuka ? loading terus ? kalau kemungkinan cuma permasalah jaringan tidak mungkin karena sudah beberapa hari loading terus tolong berikan solusi ,Negative
kok akhir akhir ini susah untuk di buka aplikasinyatolong dong servernya mohon ditingkatkansaya kasih bintang dulukalo memang ada perubahan nanti ditambah lagi full bintangnya ,Negative
aplnya sangat membantu,Positive
tolong di bantu kenapa sekarang tidak bisa di buka dan selalu terjadi kesalahan koneksi,Neutral
baru habis kelurahan peenarui ktp yang susah buram pas di cek aplikasi kenapa data ktp maaih yang lama yang pelajar ? bagaimana ini solusinya ?,Negative
sungguh membantu semua data kita jika diperlukan tinggal klik aplikasinya saja menampak deh semua,Positive
yaelah susah banget di aksesnya lambat banget,Negative
sudah bagus tambahan kalau bisa skck juga,Positive
maaf admin ketika memulai mengisi data diri dan verifikasi wajah ada permintaan scan barcode barcodenya yang mana ya ? apakah harus datang dulu ke kantor disdukcapil atau bagaimana ?,Neutral
tolong diperbaiki lagi masalah bug login dari tadi memuat terus dan lama banget saya nunggu padahal jaringan lagi bagus bagusnya tolong segera diperbaiki terimakasih,Negative
luar biasa aplikasi inisimple mudah dan sangat bermanfaatgood job,Positive
aplikasinya sudah bagus tetapi sudah mengisi data harus scan barcode tapi tidak bisa ini terjdi di hp samsung a ,Neutral
kurang akurat,Negative
terdapat perbedaan di nomor bpjs ketenagakerjaan yang tercantum di aplikasi dengan yang saya miliki,Neutral
aplikasinya cepat dan membantu sekali ketika disuruh menunjukan ktp fisik dengan ini bisa tersolusikan,Positive
aplikasi masih banyak bug dokumen diintegrasikan mhon diperbaiki,Neutral
kenapa aplikasi ini bisanya pakai wifi padahal kuota dan jaringan saya cukup bnyk ? jadi saya harus tetring terus kalo mau buka aplikasi ini,Negative
coba dulu,Neutral
hanya untuk keren kerenan saja tapi tidak berfungsi,Negative
tolong perbaiki banyak layanan yang tidak bisa diakses salah satunya dokumen tidak muncul tentang kartu keluarga dll ,Neutral
ayolah jangan cuma bisa bikin aplikasi tp kalo ujung nya tiap mau dipakai selalu error kesalahan koneksi hm jadi serasa enggak guna ada dalam ponsel,Negative
tolong dong di perbaiki setiap mau login pasti muncul tulisan kesalahan koneksi padahal jaringan stabil,Neutral
bang lain kali kalau moto yang benar lah,Negative
resolusi rendah dan ktp digital tetap belum bisa digunakan dimana mana ,Neutral
aplikasi kga bisa dibuka gagal koneksi terus harus bagaimana ini sedangkan ktp perlu banget buat identitas diri,Neutral
burung tidak bisa login padahal jaringan bagus,Positive
akan lebih mudah jika verifikasinya tidak perlu menggunakan qr dari dukcapil cukup verifikasi wajah seperti aplikasi perbankan terimakasih,Neutral
saya kasih bintang dulu soalnya mental mulu enggak ke buka,Neutral
aplikasi yang bagus satu aplikasi bisa menyimpan berbagai data diri dan keluarga mungkin kedepannya bisa menyimpan data kepemilikan dll ditunggu inovasi terbaru nya ,Positive
di install sekarang enggak bisa terus,Negative
aplikasinya sih bagus tapi tidak semua kabupaten siap contoh ponorogo belum bisa urus akta kelahiran kematian menggunakan aplikasi entah sdm nya yang belum siap atau bagaimana juga tidak tahu,Negative
saya kasih bintang dulu kadang keluar sendiri terus pas aktifasi kok dikirimnya kata sandi bikin bingung maupun akhirnya kebuka juga tapi kan repot juga tolong lah diperbaikin lagi kalau sudah baik bintang,Negative
saya sudah scan barcode terus masukin kode aktivasi dari dukcapil tapi tetap tidak bisa masuk aplikasi malah diblokir mohon bantuan cara aktivasi dan menggunakan aplikasi,Neutral
apakah tida bisa untuk ios user ?,Neutral
aplikasinya sangat bermanfaat di era digital sekarang jadi lebih mudah,Positive
aplikasinya tidak flexibel karena kalau ganti hp harus daftar ulang lagi ke kelurahan merepotkan ! mobile banking saja yang ada duitnya bisa gonta ganti hp ini cuma data ktp saja sangat protektif,Positive
min saya lupa pin masuknya adakah cara lain untuk masuknya mohon dikasih fitur tambahan saya enggak bisa masuk lagi terimakasih sebelumnya,Neutral
maunya verifikasi pakai sidik jari pak judan karena wajah kita berubah seiring umur kalau pakai verifikasi wajah selalu gagal tapi sidik jari tak akan berubah,Negative
digital kok harus meminta scan barcode lagi ke dukcapil ,Negative
dk bisa di buka muter mulu,Neutral
belum bisa lanjutin daftar kendala scan qr code,Neutral
kenapa enggak bisa di buka ya padahal sebelumnya bisa di buka saya tunggu jawabanya secepatnya,Neutral
jaringan error padahal internet lancar apa ada nya maintenance ?,Negative
aplikasi negara tapi seperti tahi,Neutral
aplikasi nya tidak membantu sama sekali masa dari tadi mau login terjadi kesalahan koneksi terus ? padahal koneksi saya tidak bermasalah sudah saya coba utak atik tapi sama saja,Negative
aplikasi yang bagus dalam mendukung era sayang belum bisa daftar karena gagal pas foto ,Positive
app tidak ada guna hanya bikn penuh memori mau buka saja enggak bisa pakai data seluler mau login susah banget enggak pernah berhasil apa guna app ini kalau begini saat di butuhkan malah bertambah nyusahin ,Negative
luar biasa sangat membantu dan efektif untuk mempermudah pelayanan administrasi,Positive
hanya bisa dijalankan menggunakan wifi tidak bisa menggunakan paket data apakah di setiap kantor layanan umum ada wifi sehingga saat dibutuhkan aplikasi ini dapat digunakan ? atau setiap rumah harus pasang wifi ?,Neutral
intinya tetap harus ke capil,Neutral
aktifasinya cepat sebaiknya dibuat aktifasi tanpa datang ke dukcapil untuk keamanan dari penyalahgunaan mungkin harus video call fitur yang lain seperti tanda tangan digital kok belum aktif ya ?,Negative
dapat mempermudah untuk melihat ataupun cek data diri,Neutral
tiba aplikasi nya tidak bisa dibuka ,Negative
dokumen tidak bisa di buka,Negative
lelet beberapakali mencoba selalu enggak bisa bolak balik bikin kesel ngabisin kuota saja ,Negative
tidak semua daerah mempunyai jaringan yang bagus dan lancar sebagai masukkan ektp nya aturannya bisa di share tanpa barkot kalau bolh seperti aplikasi bpjs dia sudah digital kemudian kartunya bisa di simpan kayak pdf dan kita bisa mencetak sendiri saran pak sbnrnya tujuannya bagus tapi perlu dipertimbangkan lagi kekurangannya ,Positive
sering bermasalah dengan koneksi padahal internet lancar aneh banget coba segera ditinjau apa masalahnya dan diperbaiki jadi kurang berfungsi aplikasi ini padahal sangat bermanfaat ,Positive
mau daftar aplikasi tapi harus datang ke kantor masih ribet ,Negative
aplikasi enggak jelas sangat enggak berguna malah makin ribet daftar rekening saja susah karena foto ktp nya harus ktp pisik,Negative
saya dari mahasiswa mau menyampaikan kekurangan dari app ini pertama untuk bisa mendaftar kita harus ke kantor pusat nya langsung tidak bisa daftar dimana saja itu bikin kita ribet dan memakan banyak waktu yang mau mendaftar kedua kalo mau akses app ini lambat padahal jaringan stabil ketiga kalo membutuhkan file dokumen dokumen seperti ktp kakak atau bpjs itu tidak bisa di downlod jadi kita kesulitan untuk mendapat kan file dokumen ktp kakak atau bpjs ,Negative
belum tahu bekerja efektip atau tidak,Negative
aplikasi hanya bisa untuk android seri tertentu dan suami saya menggunakan hp iphone app ini belum bisa di gunakan di ios disini hp akun ktp juga tidak bisa tercetak karena blangko ktp sudah tidak tersedia jadi bagaimana ya untuk solusi nya ?,Negative
parah apliaksi enggak berguna sistem buruk,Negative
di hp saya infinix smart yang sudah android kenapa tidak bisa kebuka aplikasi nya ? ? sudah di update tapi masih tetap enggak bisa ke buka selalu terjadi kesalahan koneksi padahal kuota internet lancar lancar saja kalo untuk buka yang lainnya sampai sekarang ktp ku belum aktif sama sekali,Positive
terima kasih bapak dirjen dukcapil atas aplikasi ikd nya salam dari gusti yang mulya roja asal simeulue timur,Positive
yang bingung dan enggak bisa mengunakan aplikasi ikd tolong pelajari dulu sdangkan aku langsung bisa tanpa kendala,Neutral
kalo aplikasi nya di hapus terus di install lagi harus daftar lagi langsung masuk ? soalnya susah login terjadi kesalahan terus padahal wa ig yt lancar jaya,Positive
tidak user friendly terlalu ribet banyak bug jauh dari kata baik ,Negative
aplikasinya ini sebenarnya enggak berguna dari awal daftar sampai detik ini pada menu dokumen selalu ada keterangan nya dokumen sedang di integrasikan terus kapan bisa nya coba ? terus guna nya apa dong ? orang dokumen nya tidak bisa dilihat,Negative
bikin pening kelapa,Neutral
aplikasi nya enggak bagus deh berkali kali coba login enggak bisa bisa seperti jaringan enggak memadai actualisasi nya mah jaringan saya bagus banget secara sambil ngojol bos mending di hapus saja nih aplikasi perbaiki dulu biar semua orang mudah untuk meng akses aplikasi tersebut ngabis ngabisin kuota saja deh di download enggak bisa di pakai sementara aplikasi ink ane kasih nilai hoax ya,Negative
tolong di perbaiki lagi aplikasi nya suka eror bisanya cuma malem,Neutral
aplikasi ini sudah bagus cuma tolong di perbaiki masalah jaringannya kenpa akses jaringannya cuma telkomsel yang bisa kartu yang lain tidak bisa,Negative
semoga bermanfaat tidak banyak halangan,Positive
katanya digital tapi tetap harus datang ke kantor disdukcapil untuk meminta qr code sama saja bohong coba kalau qr code nya bisa di meminta di kecamatan desa masing kan lebih dekat ,Negative
sudah beberapa hari aplikasi ini enggak bisa diakses dihpku mana perlu banget lagi mau pakai ktp,Negative
kenapa app nya enggak bisa buka ktp kita sendiri ya,Negative
terlalu ribet,Negative
enggak bisa dibuka ini bagaimana toh bikin aplikasi enggak beresfull wifi tapi status gangguan koneksi ,Negative
lancar langsung aktif setelah scan barcode dapat pin tinggal fungsinya saja nanti kalau masih ada yang meminta fc ktp gue ludain mukanya,Negative
aplikasi yang sangat tidak membantu percuma digital tapi tetap urus harus butuh fisik,Negative
belum tahu caranya,Negative
sudah bagus tapi masih banyak fitur yang perlu di tambahkan contoh belum bisa merubah data pribadi misal status perkawinan pekerjaan dll belum bisa membuat surat pindah lebih dari satu anggota dalam sekali pengajuan hanya nama pemilik akun yang di proses pindah belum bisa menambahkan anggota kakak baru misal buat pasangan yang baru menikah yang mau membuat kakak baru ,Neutral
enggak bisa di login muter mulu,Neutral
tolong diperbaiki masa mau buka saja keslahan koneksi terus katanya mempermudah biar kemana enggak usah bwa ktp yang model kartu kalau kaya begini ya mana bisa enggak bwa ktp wong aplikasinya saja nek dibuka gagal terus ,Negative
sebenarnya cukup baik adanya identitas kependudukan digital tapi aplikasinya tolong diperbarui untuk hp samsung saya kali dalam waktu hari mencoba gagal terus,Neutral
ini aplikasi nya bagaimana sih saya enggak bisa buka aplikasi nya saya merasa kecewa sekali dari tadi proses memuat terus saya mau lihat ktp digital saya bagaimana ini dan biodata keluarga saya,Negative
enggak bisa dibuka aplikasi nya deh saya download ulang masih enggak bisa buka,Negative
aplikasi yang membagongkan belum siap dalam penggunaanya dan bikin ribet harusnya file yang sudah terinput oleh petugas dukcapil bisa dengan mudah untuk di download saja berupa file pdf dan tidak meng input lagi nik dll ,Negative
enggak niat bikin aplikasi,Negative
app nya belum bisa digunakan ,Neutral
sudah daftar pakai aplikasi ini langsung sama petugas kelurahansetelah itu mengikuti arahan petugas untuk datang ke kelurahan cetak kakak baru sudah kita jalankan sudah di cetak kakak baru eh cek di situs penertiban penduduk dki jakarta masih kena padahal jelas masih tinggal di dalam kota jakarta anak sekolah di belakang kantor kelurahan yang tertera di ktp bahkan saat download aplikasi ini langsung di pandu petugas kelurahan tempat saya artinya jelas kami masih tinggal di jakarta bintang !,Negative
isi pakai paket data enggak bisa giliran pakai wifi oke eh disuruh scan barcode dari petugas berarti harus ke kantor dukcapil lah pakai paket data saja enggak bisa malah disuruh ke kantor niatnya memudahkan tapi malah mempersulit tolonglah perbaiki sistemnya ,Negative
mohon diperbaiki lagi untuk hp os android tidak bisa akses internet punya teman saya tidak bisa masuk aplikasi ini dan minimal harus berapa untuk os android bisa berjalan aplikasi ini kalau os android punya saya bisa kasihan yang hpnya tidak support aplikasinya ,Negative
memudahkan masyarakat untuk mendapatkan ektp lebih cepat dan semoga lebih aman amin,Positive
bisa waktu habis buat sja stelhnya trjdi kesalan koneksi terus entah siapa yang salah padahal lagi butuh soal nya enggak punya ktp fisik belum nyetak pliss lah tolong,Negative
agak binggung ini kenapa ya koneksi eror enggak bisa masuk gagal,Negative
kepada bapak ibu pemprov sekalian dimohon untuk tidak melanjutkan adanya ktp digital dikarenakan aplikasi nya tidak mendukung dan sang mersahkan dan merugikan banyak pihak,Negative
indonesia kebanyakan peraturan bahkan untuk registrasi kartu juga perlu e ktp indonesia bukan butuh ruwet tapi butuh tanggap !,Negative
ribet ya masih harus verifikasi barcode segala ke dukcapil ,Negative
enggak ada menu login untuk yang sudah punya akun apa kalo ganti hp harus registrasi lagi ?,Neutral
aplikasix sangat bagussemua dokumen yang di butuhkan sudah ada tersedia dalam aplikasi,Positive
enggak suka lebih bagus pakai yang fisik,Negative
qrcode yang mau di scan ini qrcode yang mana ?,Neutral
masih susah login,Negative
aplikasi awalnya bagus tapi pas mau daftar begitu ribet harus scan barcode dari dukcapil nah untuk cara dapat barcode dukcapil nya gimanabukannya membantu mempermudah malah dipersulitsetidak nya dikirim email barcode nya biar bisa discan ,Negative
tolong meminta solusi aplikasi tidak bisa di buka padahal sangat butuh datanya,Neutral
kenapa enggak bisa dibuka ya,Negative
aplikasi yang sangat membingungkan dikala mendesak buat buka malahan tidak bisa di buka padahal jarangan saya termasuk bagus ,Negative
sulit di akses,Negative
awalnya bagus cepat bukanya tapi lama enggak bisa dibuka muter mulu,Negative
enggak bisa masuk ada masukan enggak,Negative
aplikasi tidak bisa di buka terjadi kesalahan koneksi ini bagaimana ya,Negative
seharusnya di seluruh institusi pemerintah makai ini jadi tidak ada lagi nama nya poto kopi ktp dan kakak untuk pendukung berkas yang di daftarkan jadi mengurangi pemakaian kertas sehingga go green mendunia indonesia tidak meneng hutan lagi lu potocopy dokumen lanjutkan lagi inovasinya biar birokrasi lebih simpel dan tentunya aman dari hacker dan cybercrime indonesia maju merdeka,Positive
aplikasi yang sangat bermanfaat dalam genggaman dpat membawa berbagai macam dokumen tanpa takut rusak hilang,Positive
dari semua komentar yang ada enggak ada yang bilang bagus atau puas ternyata ayolah kalo mau di bisniskan yang pro dong mau memulai perubahan tapi masih ada kekurangan ini di uji coba dulu belum sebelum di pajang di app store ? ?,Negative
niatnya mau perbaikan ktp rusak online ternyata harus scan barcode di disdukcapil juga hadeh sama saja ngurus offline kalo kaya begini mah,Negative
gagal terus bikin ikd padahal sudah di upgrade data kami sekeluarga ke dukcapil tahun yang lalu pada pendaftaran diri verifikasi wajah selalu gagal padahal penycahayaanya sudah di maximalkan terang pada saat mengulangi lagi ? ? di mulai lagi dari awal mendaftarkan dan gagal permanen ? ?,Negative
tujuan pemerintah sudah bagusnamun masih banyak kelemahan server sering down fitur terbatas belum ada fitur ganti alamat dengan menscan barcode di rt rwuntuk memudahkan perpindahan data kependudukan masih timpang tindih data ganda dll semoga segera ada sensus penduduk terbaru,Neutral
aplikasinya lumayan tapi nyurus seken tapi seken diman,Negative
makin kesini makin kagak jelas ini aplikasi sinyal bagus tapi kok enggak bisa di buka apa gunanya !,Negative
mohon di pemudah,Neutral
saya kasih bintang agar cepat di memperbaiki karena aplikasinya sangat lambat dan sering gagal untuk memuat yang lainnya dan semoga cepat dilengkapi untuk setingan yang lainnya,Negative
mantap sangat membantu,Positive
aplikasi di buat oleh pemerintah tidak komprehensif banget dan tidak jelas kebutuhan nyamaksud tujuan tidak ada harusnya serius dan benar bisa berguna bagi masyarakat ini mah malahan cuma sekedar ada ajahhadeuuh ,Negative
saya kasih bintang dulu soal nya sistem nya masih belum berjalan dengan lancar semoga kedepan nya bisa di perbaiki dan bisa support untuk semua versi hp salut buat kemendagri sudah membuat sistem ini,Positive
sudah sangat bagus akan tetapi jangan terlalu di batas kan dan keamanan nya di perbagus lagi,Negative
buang buang quota saja ! ! kalau kejar tekhnologi kedepannya maju yang serius dong jangan setengah setengah apakah begitu di kasih pekerjaan untuk buat aplikasi android tapi kalah dengan developer di luaran sana ? ayo dong semangat indonesiaku,Negative
download buka app,Neutral
aplikasi nya bagus masih suport android ram tapi yang jadi kekurangan tidak adanyah menu download jikalau ada pasti bisa mempermudah saat enggak ada kuota atau pun wifi saran sediakan menu download yang saat di akses harus pakai pw dari akun atupun apapu yang pentig harus ada terima kasih,Positive
digital ktp ok banget semua jadi ringkas dan cepat,Positive
membuka aplikasi tidak bisa,Negative
jadi regisnya itu dihadapan petugas dukcapil setempat ya pak berabti hanya memangkas waktu cetak saja saya fikir bisa langsung dari tempat kita berdiri dimana saja kapan saja validitas menggunakan nik atau sumsum tulang belakang misalnya jadi kecepatannya bukan hanya di dukcapilnya saja melainkan di yang berurusan ternyata masih jauh ya semoga bisa lebih mutakhir lagi terobosannya pak semangat ,Positive
sangat baik untuk dokomen peribadi atau data untuk catatan sipil,Neutral
 tidak ada fitur log ini log out pada akun untuk kebutuhan pergantian gadget misalnya kalau ganti gadget harus hapus dulu akun lama dan buat akun baru di gadget baru dan itu harus ke dukcapil ribet dokumen kependudukan pada aplikasi tidak dapat diakses sama sekali akhirnya fungsi utama dari penggunaan aplikasi ini menjadi mubasir dokumen lain dalam proses integrasi yang sampai sekarang belum bisa diakses ,Negative
sangat menyulitkan saat log ini,Negative
lambat sekali,Negative
ini bagaimana ya kalo untuk orang tua yang tidak punya hp tetangga mau perbarui ktp rusak apa harus install ini juga tapi tidak punya hp karena dia sudah tua aplikasi kayak begini benar enggak perlu karena tidak menjangkau semua kalangan tolong tidak usah jadi syarat wajib untuk perbarui dokumen lah sungguh meribetkan ,Negative
kenapa harus pindai lagi qrcode dari dukcapil jni sama saja dengan tidak online disengajaipi lagi ke kantornya menyusahkan ,Negative
aplikasinya bagus sudah bisa buka data hanya belum bisa cetak ktp dan kakak tolong diperbaiki juga qr code nya tidak bisa di scan mohon diperbaiki juga semoga kedepan lebih sempurna lagi aplikasinya soalnya ini menyangkut data kependudukan,Positive
bagaimana caranya apabila ganti perangkat seluler ? apakah harus daftar ulang kembali ke dindukcapil ?,Neutral
mantab hanya masih ribet sedikit tetap musti ke disdukcapil untuk meminta scan code qr nya,Negative
apa ini pakai jaringan data telkomsel xl tidak ada koneksi internet pakai wifi indihome sama biznet juga sama padahal buat buka playstore streaming yt buka shopee update aplikasi dll bisa begini amat mencari bahan korupsi uang anggaran negara,Negative
harus pakai code qrsama saja boongcode qr dari petugas dukcapil ,Neutral
ada beberapa yang blum bisa di tampilkan tolong aplikasinya agar diperbaiki lagi sistem operasi nya,Negative
lupa sandi sudah restart aplikasi malah tetap masukin sandi mana enggak ada bacaan lupa sandi hiks ,Neutral
mohon di tambahkan login bisa pakai finger print dan tampilan ktp nya layar hp thanks,Neutral
aplikasi enggak guna cacat bukannya memumadahkan malah membingungkan dan menyulitkan awal buka harus isi data untuk verifikasi sampai ditahap ambil foto setelah itu muncul perintah untuk scan barcode lah apa nya yang mau di scan coba ktp digitalnya saja belum ada aneh saja kalo bikin kebijakan ,Negative
aplikasi masih banyak kekurangan tolong diperbaiki program kementerian dalam negeri kok kayak begini sih ?,Negative
ini sangat membantu agar identitas kita tersimpan dan diakui sebagai warna ri ,Positive
di bagian dokumen deh lama enggak bisa dbuka awal buat dulu bisa di buka tapi sekarang enggak bisa di buka ,Negative
lagi perlu banget ini ktp nya malah enggak bisa kebuka koneksi nya gagal terus tolong perbaikan nya min,Negative
aplksi enggak jls mau buat apa pintar dkit jn asal jeplak saja aplksi enggak bisa di buka begitu di pakai nth apa gunanya e ktp apa digital apa digital banyak gaya mau ikut ngra maju tapi malah garing mikir orang yang enggak punya hp bagaimana banyak tingkah saja makin kesini heran,Negative
tolong untuk aplikasi nya ditingkatkan lagi masih terdapat beberapa kekurangan adapun yang saya alami aplikasi ini tidak dapat menampilkan kakak serta akte lahir hanya ktp saja yang di tampilkan jika memang mau memudahkan masyarakat kiranya kelemahan yang terdapat pada aplikasi ini agar segera diperbaiki terima kasih ,Neutral
lumayan bagus enggak ada kendala saat pengoperasian,Positive
sangat bermanfaat semoga bisa dikembangkan lagi ikd mantap dukcapil go digital,Positive
dokumen ktp nya enggak bisa di buka,Neutral
sangat membantu sekali pelayanan aktivasi ktp digital sangat bagus terpercaya dan praktis ,Positive
secara digital sudah bagus kedepan aplikasi ini harus ditingkatkan lagi menu pilihan yang belum ada,Negative
aplikasi kocak untuk apa di buat aplikasi ini kalau mau registrasi saja harus scanbarcode dari dikcapil mending enggak usah di buat aplikasi ini mana aplikasi sering eror habis saja uang rakyat cuma buat aplikasi yang enggak penting ini ,Negative
ini untuk memudahkan masyarakat ? permohonan mencetak kakak saja enggak di respon harus kedukcapil lagi ? bagaimana dengan saya bpk penguasa ? hampura di abdi ulah janten rahet maneh maklum saya hanya rakhyat letik nu te ngarti kanan tingkah pola penguasa ,Negative
sorry saya kasih bintang aplikasinya enggak bagus menu cetak kakak dan akte kelahiran enggak ada terus kalo mau akses aplikasinya sering eror dan harus pakai wifi aksesnya tolong diperbaiki kisanak,Negative
keren semua data pribadi ngelink disini jadi aplikasi ini tuh digunakannya harus bareng operator disdukcapil setelah isi data diri terus bakal diminta foto selfi dan scan barcode nah scan barcode ini didapat dari aplikasi siak aplikasi yang dipakai sama operator disdukcapil jadi hp smartphone kita diarahkan ke barcode yang ada di layar pc operator disdukcapil kalo sudah nanti verifikasi via email dan aplikasi ektp secra digital barcode bisa ditampilkan ,Positive
alangkah bagusnya bisa cek ktp fisik via nfc ,Neutral
aplikasi sampah banget nih penanggungjawabnya hoflok aplikasinya enggak guna respon lama selalu lost koneksi hadeuhh pembodohan digital ini namanya ,Negative
aplikasi nya enggak bisa buka dokumen pindahkan barcode juga enggak berfungsi ,Negative
cuma di suruh isi data sampai di verifikasi wajah saja di suruh ulangi terus ambil foto ambil foto,Neutral
tolong aplikasi ini diperbatuhi masak foto ktp enggak bisa di download,Neutral
aplikasinya tidak bisa verifikasi ambil foto padahal pencahayaannya sudah bagus tetap saja tidak bisa ambil foto terimakasih,Negative
terobosan yang dilakukan ditjen dukcapil memang luar biasa dalam tahun terakhir telah mencetak langkah besar dukcapil bisa gerakan indonesia sadar adminduk gisa dan yang ke dukcapil go digital ditjen dukcapil mantap bapak dirjen luar biasa,Positive
aplikasi ini sangat penting dan puas juga memudahkan kita dalam akses pelayanan publik yang berdasarkan identitas diri kependudukan ,Positive
saya lupa pasword enggak bisa masuk tapi enggak ada pilihan lupa pasword untuk setting pasword baru tolong dong ini aplikasi bagaimana sudah begitu ktp digital tidak bisa di gunakan di perbankan enggak bisa buat pembukaan rekening bank atau yang berhubungn dengn bank sementara mau bikin ktp fisik susah banget di jawa tengah kata petugansnya tidak ada blanko nya jadi bagaimana sekarang serba digital ktp digital tapi tetap saja masih nyusahin,Negative
enggak enggak guna karena kurang efektif,Negative
sangat membantu sekali semoga tetap konsisten dan memberikan kemudahan proses pelayanan administrasi kependudukan ,Positive
masih belum persen optimal tolong lebih di kembangkan lagi,Neutral
ini kenapa tertulis kesalahan koneksi padahal wifi dan sinyal hp bagus ini aplikasi pelayanan pemerintah bukan aplikasi ecek ecek tolong dong diperbaiki ,Negative
sayangnya untuk kakak belum ada,Neutral
bintang dulu karena susah masuknya,Negative
ketika semua bisa digital tapi kenapa masih harus meminta qr ke petugas daftar susah padahan pakai wifi kecepatan mbps masih kurang stabil,Negative
bagaimana cara mendownload dokumennya ? ktp kakak akta lahir semuanya tidak bisa screenshoot pun tidak bisa untuk dicetak,Neutral
kenapa enggak bisa dibuka sekarang ? ? terjadi kesalahan koneksi terus katanya,Negative
aplikasi setiap di buka gagal terus tapi kalau di buka tengah malam malah bisa mempersulit masyarakat apakah cuma saya saja yang merasakan ini,Negative
izin memberikan masukan harusnya ikd dan siak online bisa diakses jam,Neutral
sebener nya aplikasi ini sangat berguna namun sayang nya setelah verifikasi wajah knapa harus barcode dari duskapil semoga lebih di tgkatkan lagi agar lebih mudah di gunakan sy kasih dulu bintang nya nanti saya tambah lagi setelah lolos pendaftaran,Neutral
menurut saya ini sangat bagus memudahkan masyarakat dalam menyimpan berkas identitas diri dan keluarga hardfile itu penting dan softfile juga penting jadi masyarakat di era digital dan mayoritas pengguna smartphone mudah membawa identitas kemana tanpa takut lupa bawa atau hilang sebagai catatan mohon server database dijaga jangan sampai database masyaratkat bocor dari segi tampilan mungkin bisa lebih bagus simpel dan modern terimakasih ,Positive
kenapa hanya telkomsel yang bisa paket datanya buka aplikasi ini tolong jangan masukkan provider atau mengkhususkan provider untuk aplikasi ini sewaktu pengurusan pegawai mengatakan kalau ini sudah dari pusat lantas bagaimana dengan user provider lain telkomsel terlalu mahal untuk kami gunakan jadi tolong jangan mengkhususkan ,Negative
please lah aplikasi tuh apalagi untuk warga negara difasilitasi yang bagus masa kalah sama aplikasi swasta mau server yang banyak monggo yang penting semua kalangan masyarakat bisa mengakses kalo cuma gimmick ya sama saja ,Negative
registrasi nya kenapa masih harus dihadapan petugas disdukcapil ? sekarang buat rekening bank saja sudah bisa online ini masih harus datang ke disdukcapil layanannya masih tanggung,Negative
aplikasi enggak jelas ini masa koneksi bermasalah mulu,Negative
semoga kedepannya semakin sukses dan semakin maju dan modern dengan adanya digital id dukcapil bisa bisa bisa,Positive
kok eror sih enggak bisa masuk ! tolong dong beri tahu !,Negative
terimakasih atas bantuannya tim dukcapil digitalisasi ktp makin mudah dan cepat ,Positive
awal aktivasi bisa lihat data dokumen lainnya namun setelah itu tidak bisa sampai detik ini dengan keterangan dokumen sedang di integrasikan terus tolong diperbaiki kak ,Neutral
sudah di install tapi pas melakukan photo untuk verifikasi gagal terus foto tidak bisa tersimpan diaplikasi sehingga tidak dapat lanjut ke tahap berikut spesifikasi android versi hp samsung saja pro mohon di perbaiki aplikasi nya,Neutral
bagus,Positive
kenapa enggak bisa di buka,Neutral
koneksi lagi lagi lagi koneksi bagaimana caranya agar lancarmemang harus punya hp barubantu solusi ndan ,Negative
sejauh ini konsep aplikasi bagus cuma untuk fitur regis kenapa harus ada scan qr code yang harus di dukcapil ? kalau bisa diganti ke mode verifikasi yang dilakukan oleh petugas dukcapil selain itu fitur save offline juga perlu jadi disaat kondisi user tidak memiliki jaringan dapat tetap akses ,Positive
dokumen enggak bisa dibuka ! padahal butuh buat kerja,Negative
